GqlToGremlin	janus	0.1	3	FAILED	
GqlToGremlin	janus	0.1	1	FAILED	
GqlToGremlin	janus	0.1	2	FAILED	
GqlToGremlin	janus	0.1	2	FAILED	
GqlToGremlin	janus	0.1	1	FAILED	
GqlToGremlin	janus	0.1	3	FAILED	
GqlToGremlin	janus	0.1	2	FAILED	
GqlToGremlin	janus	0.1	1	FAILED	
GqlToGremlin	janus	0.1	3	FAILED	
GqlToGremlin	janus	0.1	3	FAILED	
GqlToGremlin	janus	0.1	1	FAILED	
GqlToGremlin	janus	0.1	2	FAILED	
GqlToGremlin	janus	0.1	2	FAILED	
GqlToGremlin	janus	0.1	3	FAILED	
GqlToGremlin	janus	0.1	1	FAILED	
GqlToGremlin	janus	0.1	3	FAILED	
GqlToGremlin	janus	0.1	1	FAILED	
GqlToGremlin	janus	0.1	2	FAILED	
GqlToGremlin	janus	0.1	1	FAILED	
GqlToGremlin	janus	0.1	3	FAILED	
GqlToGremlin	janus	0.1	2	FAILED	
GqlToGremlin	janus	0.1	3	FAILED	
GqlToGremlin	janus	0.1	1	FAILED	
GqlToGremlin	janus	0.1	2	FAILED	
GqlToGremlin	janus	0.1	3	FAILED	
GqlToGremlin	janus	0.1	2	FAILED	
GqlToGremlin	janus	0.1	1	FAILED	
GqlToGremlin	janus	0.1	3	FAILED	
GqlToGremlin	janus	0.1	2	FAILED	
GqlToGremlin	janus	0.1	1	FAILED	
